frequency_hz,evac_rpsi
0.1,1.000000e-06
0.5,8.750000e-07
1.0,7.200000e-07
2.0,5.500000e-07
5.0,4.100000e-07
10.0,3.400000e-07
20.0,2.900000e-07
50.0,2.400000e-07
100.0,2.100000e-07
