zero_index,gamma
1,14.134725
2,21.022040
3,25.010858
4,30.424877
5,32.935061
6,37.586178
7,40.918719
8,43.327073
9,48.005151
10,49.773832
