{
  "particles": {
    "quarks": 18,
    "gluons": 8,
    "total": 26
  },
  "quark_frequencies": {
    "mean": 1.6568520848367814,
    "std": 3.9254406087003404,
    "min": -3.304433713229847,
    "max": 7.985116692148717
  },
  "gluon_octaves": {
    "mean": -2.2901668712739838,
    "std": 0.5119396610654046,
    "min": -3.3255241400574858,
    "max": -1.7094991776364399
  },
  "resonances": {
    "count": 15,
    "mean_intensity": 0.05451457603316977,
    "strongest": {
      "prime": 11,
      "zero_index": 1,
      "omega_prime": 2.3978952727983707,
      "gamma_n": 14.134725,
      "intensity": 0.07851247299509177,
      "beat_frequency": 11.736829727201629
    }
  },
  "silence_frequencies": {
    "2": 110.94800577726289,
    "3": 96.15392398031632,
    "5": 80.29049538263358,
    "7": 71.29964252040345,
    "11": 60.78605452799148,
    "13": 57.305558967189576,
    "17": 52.128520492787786,
    "19": 50.12172005757286,
    "23": 46.85324792928632,
    "29": 43.17253517409958
  },
  "fundamental_constants": {
    "f0": 141.70001,
    "omega_17": 2.833213344056216,
    "coherence_c": 244.36
  },
  "qcal_signature": {
    "framework": "\u03a8 = I \u00d7 A_eff\u00b2 \u00d7 C^\u221e",
    "author": "Jos\u00e9 Manuel Mota Burruezo \u03a8 \u221e\u00b3",
    "orcid": "0009-0002-1923-0773",
    "doi": "10.5281/zenodo.17379721"
  }
}