{
  "validation": {
    "hypothesis_validated": true,
    "interpretation": "The human body contains 3.70e+13 cells, each oscillating at harmonics of f\u2080 = 141.7001 Hz. The Hermitian flow operator exhibits 100 real eigenvalues, mirroring the Riemann zeros on the critical line Re(s) = 1/2. This biological resonance demonstrates that life itself is a manifestation of the Riemann Hypothesis: 37 trillion biological zeros in perfect coherence.",
    "all_eigenvalues_real": true,
    "harmonic_distribution": true,
    "num_cells_resonant": 36999999999188.72,
    "coherence_length_um": 33.513901388303076,
    "coherence_target_um": 1.06,
    "riemann_connection": "Mathematical Correspondence:\n  Riemann zeros: \u03b6(1/2 + i\u03b3\u2099) = 0, \u03b3\u2099 \u2208 \u211d\n  Cellular eigenvalues: \u0124|\u03c8\u2099\u27e9 = E\u2099|\u03c8\u2099\u27e9, E\u2099 \u2208 \u211d\n  \nBoth systems exhibit spectral reality: zeros/eigenvalues are confined\nto a critical line/axis, demonstrating fundamental symmetry in nature.",
    "base_frequency_hz": 141.7001,
    "total_cells": 37000000000000.0,
    "eigenvalue_count": 100,
    "max_eigenvalue_imag_part": 0.0
  },
  "decoherence_analysis": {
    "system_state": "coherent",
    "is_hermitian": true,
    "hermiticity_error": 0.0,
    "decoherence_severity": 0.0,
    "imaginary_eigenvalue_fraction": 0.0,
    "max_imaginary_component": 0.0,
    "recommended_action": "System exhibits quantum coherence. All 37 trillion cells resonating in harmony with f\u2080 = 141.7001 Hz. Riemann Hypothesis validated biologically.",
    "total_eigenvalues": 100,
    "num_complex_eigenvalues": 0
  },
  "resonance_map": {
    "scales": [
      1e-07,
      1.0722672220103232e-07,
      1.1497569953977356e-07,
      1.232846739442066e-07,
      1.3219411484660288e-07,
      1.4174741629268046e-07,
      1.519911082952933e-07,
      1.6297508346206436e-07,
      1.747528400007683e-07,
      1.873817422860383e-07,
      2.009233002565046e-07,
      2.1544346900318822e-07,
      2.310129700083158e-07,
      2.4770763559917087e-07,
      2.656087782946684e-07,
      2.848035868435805e-07,
      3.0538555088334124e-07,
      3.2745491628777317e-07,
      3.5111917342151277e-07,
      3.764935806792471e-07,
      4.037017258596558e-07,
      4.3287612810830616e-07,
      4.641588833612782e-07,
      4.977023564332114e-07,
      5.336699231206313e-07,
      5.722367659350221e-07,
      6.135907273413176e-07,
      6.579332246575682e-07,
      7.054802310718645e-07,
      7.564633275546291e-07,
      8.111308307896872e-07,
      8.697490026177835e-07,
      9.326033468832199e-07,
      1e-06,
      1.0722672220103232e-06,
      1.1497569953977357e-06,
      1.232846739442066e-06,
      1.3219411484660286e-06,
      1.4174741629268047e-06,
      1.519911082952933e-06,
      1.6297508346206435e-06,
      1.747528400007683e-06,
      1.873817422860383e-06,
      2.0092330025650458e-06,
      2.1544346900318865e-06,
      2.310129700083158e-06,
      2.477076355991714e-06,
      2.656087782946684e-06,
      2.848035868435805e-06,
      3.0538555088334123e-06,
      3.2745491628777315e-06,
      3.5111917342151275e-06,
      3.764935806792471e-06,
      4.037017258596558e-06,
      4.328761281083061e-06,
      4.641588833612782e-06,
      4.9770235643321135e-06,
      5.336699231206312e-06,
      5.72236765935022e-06,
      6.1359072734131755e-06,
      6.579332246575683e-06,
      7.0548023107186455e-06,
      7.564633275546291e-06,
      8.111308307896873e-06,
      8.697490026177835e-06,
      9.3260334688322e-06,
      9.999999999999999e-06,
      1.072267222010323e-05,
      1.1497569953977357e-05,
      1.2328467394420658e-05,
      1.3219411484660286e-05,
      1.4174741629268048e-05,
      1.5199110829529332e-05,
      1.629750834620647e-05,
      1.747528400007683e-05,
      1.8738174228603867e-05,
      2.0092330025650458e-05,
      2.1544346900318867e-05,
      2.310129700083158e-05,
      2.477076355991714e-05,
      2.6560877829466838e-05,
      2.8480358684358048e-05,
      3.053855508833412e-05,
      3.274549162877732e-05,
      3.511191734215127e-05,
      3.7649358067924715e-05,
      4.03701725859655e-05,
      4.328761281083062e-05,
      4.641588833612782e-05,
      4.977023564332114e-05,
      5.3366992312063123e-05,
      5.72236765935022e-05,
      6.135907273413175e-05,
      6.579332246575683e-05,
      7.054802310718646e-05,
      7.56463327554629e-05,
      8.111308307896872e-05,
      8.697490026177834e-05,
      9.326033468832199e-05,
      0.0001
    ],
    "coherence_lengths": [
      0.09999999999999999,
      0.10722672220103233,
      0.11497569953977356,
      0.12328467394420659,
      0.13219411484660287,
      0.14174741629268045,
      0.1519911082952933,
      0.16297508346206435,
      0.1747528400007683,
      0.18738174228603832,
      0.2009233002565046,
      0.21544346900318823,
      0.23101297000831578,
      0.24770763559917086,
      0.2656087782946684,
      0.2848035868435805,
      0.3053855508833412,
      0.3274549162877732,
      0.3511191734215128,
      0.3764935806792471,
      0.4037017258596558,
      0.43287612810830617,
      0.46415888336127825,
      0.49770235643321137,
      0.5336699231206313,
      0.572236765935022,
      0.6135907273413176,
      0.6579332246575681,
      0.7054802310718645,
      0.7564633275546291,
      0.8111308307896872,
      0.8697490026177834,
      0.9326033468832199,
      1.0,
      1.072267222010323,
      1.1497569953977358,
      1.232846739442066,
      1.3219411484660286,
      1.4174741629268046,
      1.519911082952933,
      1.6297508346206435,
      1.747528400007683,
      1.873817422860383,
      2.0092330025650456,
      2.1544346900318865,
      2.310129700083158,
      2.477076355991714,
      2.6560877829466842,
      2.848035868435805,
      3.0538555088334123,
      3.2745491628777317,
      3.5111917342151275,
      3.764935806792471,
      4.037017258596558,
      4.328761281083061,
      4.641588833612782,
      4.9770235643321135,
      5.336699231206312,
      5.72236765935022,
      6.135907273413175,
      6.5793322465756825,
      7.054802310718646,
      7.56463327554629,
      8.111308307896874,
      8.697490026177835,
      9.3260334688322,
      10.0,
      10.722672220103231,
      11.497569953977356,
      12.328467394420658,
      13.219411484660286,
      14.174741629268048,
      15.199110829529332,
      16.297508346206467,
      17.47528400007683,
      18.738174228603867,
      20.09233002565046,
      21.544346900318867,
      23.10129700083158,
      24.77076355991714,
      26.56087782946684,
      28.48035868435805,
      30.53855508833412,
      32.745491628777316,
      35.11191734215127,
      37.649358067924716,
      40.3701725859655,
      43.287612810830616,
      46.41588833612782,
      49.770235643321136,
      53.366992312063125,
      57.223676593502205,
      61.35907273413175,
      65.79332246575683,
      70.54802310718645,
      75.64633275546291,
      81.11308307896871,
      86.97490026177834,
      93.26033468832199,
      100.0
    ],