{
  "zeros_comparison": {
    "n": [
      1,
      2,
      3,
      4,
      5,
      6,
      7,
      8,
      9,
      10,
      11,
      12,
      13,
      14,
      15
    ],
    "gamma_n": [
      14.134725141735,
      21.022039638772,
      25.010857580146,
      30.42487612586,
      32.935061587739,
      37.586178158826,
      40.918719012147,
      43.327073280915,
      48.005150881167,
      49.773832477672,
      107.3146358883,
      107.4564427204,
      107.5529167608,
      107.8841766196,
      108.3092270379
    ],
    "lambda_n": [
      14.134725141735007,
      21.022039638772014,
      25.010857580146002,
      30.42487612585998,
      32.935061587739014,
      37.58617815882596,
      40.91871901214702,
      43.327073280914995,
      48.00515088116701,
      49.773832477671974,
      107.31463588829997,
      107.45644272039996,
      107.55291676079993,
      107.88417661959997,
      108.30922703790002
    ],
    "differences": [
      7.105427357601002e-15,
      1.4210854715202004e-14,
      3.552713678800501e-15,
      -1.7763568394002505e-14,
      1.4210854715202004e-14,
      -4.263256414560601e-14,
      2.1316282072803006e-14,
      -7.105427357601002e-15,
      1.4210854715202004e-14,
      -2.842170943040401e-14,
      -2.842170943040401e-14,
      -4.263256414560601e-14,
      -7.105427357601002e-14,
      -2.842170943040401e-14,
      1.4210854715202004e-14
    ],
    "mean_diff": 2.3684757858670007e-14,
    "max_diff": 7.105427357601002e-14,
    "synchrony_confirmed": 