{
  "timestamp": "2026-02-13T23:03:47.175941",
  "f0_fundamental": 141.7001,
  "kappa_pi": 2.57731,
  "coherence_C": 244.36,
  "weil_identity": {
    "left_side": 100.0,
    "gamma_term": 1.0945079340119541,
    "prime_sum": 11.802092158033586,
    "right_side": 12.89660009204554,
    "error": 87.10339990795445,
    "relative_error": 6.753981614245659,
    "num_zeros": 100,
    "num_primes": 50,
    "precision_achieved": -1.9400351071597401
  },
  "prime_memory": {
    "primes_detected": [
      2,
      3,
      5,
      7,
      11
    ],
    "peak_positions": [
      0.5931471805599453,
      0.9986122886681098,
      1.5094379124341002,
      1.8459101490553131,
      2.2978952727983706
    ],
    "theoretical_positions": [
      0.6931471805599453,
      1.0986122886681098,
      1.6094379124341003,
      1.9459101490553132,
      2.3978952727983707
    ],
    "peak_errors": [
      0.09999999999999998,
      0.09999999999999998,
      0.10000000000000009,
      0.10000000000000009,
      0.10000000000000009
    ],
    "amplitudes_observed": [
      0.0512,
      0.0512,
      0.0512,
      0.0512,
      0.0512
    ],
    "amplitudes_theoretical": [
      0.03799158858504061,
      0.04916554023345049,
      0.05579126590693542,
      0.057009962263252535,
      0.05604164301132102
    ],
    "amplitude_errors": [
      0.01320841141495939,
      0.0020344597665495137,
      0.00459126590693542,
      0.005809962263252533,
      0.00484164301132102
    ],
    "max_position_error": 0.10000000000000009,
    "max_amplitude_error": 0.01320841141495939,
    "num_levels": 10000
  },
  "weyl_counting": {
    "resolutions": [
      512
    ],
    "C_observed": [
      -26643.887840309864
    ],
    "C_theoretical": 0.875,
    "C_final": -26643.887840309864,
    "final_error": 26644.762840309864,
    "convergence_rate": 0.0
  },
  "adelic_kernel": {
    "orbit_contributions": {
      "2^1": 0.49012907173427356,
      "2^2": 0.34657359027997264,
      "2^3": 0.24506453586713678,
      "3^1": 0.634284100597564,
      "3^2": 0.3662040962227033,
      "3^3": 0.21142803353252135,
      "5^1": 0.7197625155536004,
      "5^2": 0.32188758248682003,
      "5^3": 0.14395250311072008,
      "7^1": 0.7354849040109982,
      "7^2": 0.277987164150759,
      "7^3": 0.10506927200157117,
      "11^1": 0.7229926278581,
      "11^2": 0.21799047934530644,
      "11^3": 0.06572660253255455,
      "13^1": 0.711388955945845,
      "13^2": 0.1973037967278105,
      "13^3": 0.05472222738044961,
      "17^1": 0.6871551692619535,
      "17^2": 0.16665960847389508,
      "17^3": 0.04042089230952668,
      "19^1": 0.6755006292425566,
      "19^2": 0.15497047258770738,
      "19^3": 0.03555266469697666,
      "23^1": 0.6537957392138137,
      "23^2": 0.13632583547518043,
      "23^3": 0.028425901704948422,
      "29^1": 0.6252911378915149,
      "29^2": 0.11611364930987841,
      "29^3": 0.021561763375569476
    },
    "weight_accuracy": 0.7965433087528621,
    "heat_kernel_trace": Infinity,
    "adelic_expansion_terms": 30,
    "geometric_error": NaN
  },
  "global_coherence_psi": 0.28225090758487814,
  "validation_status": "REQUIERE REFINAMIENTO",
  "signature": "\u2234\ud80c\udc80\u03a9\u221e\u00b3\u03a6"
}