N,kappa,error_mse,rmse,n_eigenvalues,drift
640,5.97451171875001,2.4389593319027667,1.5617167899151134,640,0.0
1280,5.96162109375001,2.3291194608249035,1.5261452947949954,1280,0.01289062500000071
2560,5.95839843750001,2.3046051455429133,1.5180926011093372,2560,0.0032226562499992895
5120,5.95761718750001,2.2986606441975113,1.516133451974961,5120,0.0007812500000001776
