{
  "results": [
    {
      "method": "Laguerre",
      "mean_error": 30.398003379748587,
      "max_error": 43.45728104059663,
      "correlation": 0.9624914021588499
    },
    {
      "method": "Fourier",
      "mean_error": 34.3138514,
      "max_error": 49.773832,
      "correlation": NaN
    },
    {
      "method": "Chebyshev",
      "mean_error": 34.3138514,
      "max_error": 49.773832,
      "correlation": NaN
    }
  ],
  "qcal_status": {
    "f0": 141.7001,
    "C_coherence": 244.36,
    "C_berry_keating": -12.3218
  },
  "reference_zeros": [
    14.134725,
    21.02204,
    25.010858,
    30.424876,
    32.935062,
    37.586178,
    40.918719,
    43.327073,
    48.005151,
    49.773832
  ]
}