{
  "qcal_version": "\u221e\u00b3",
  "frequency_f0": 141.7001,
  "coherence_c": 244.36,
  "sequence": {
    "length": 93,
    "num_codons": 31
  },
  "metrics": {
    "psi_gen_magnitude": 19.868190657430286,
    "psi_gen_phase": -1.528001312376217,
    "total_coherence": 0.2136364586820461,
    "sovereignty_score": 0.13438422400967415,
    "is_sovereign": false,
    "sovereignty_threshold": 0.888
  },
  "codons": {
    "resonant_count": 8,
    "dissonant_count": 23,
    "resonant_percent": 25.806451612903224,
    "dissonant_percent": 74.19354838709677
  },
  "mutation_analysis": {
    "chirality": 0.027419354838709466,
    "chirality_deviation": 0.9725806451612905,
    "mutation_probability": 0.9725806451612905,
    "is_stable": false,
    "hotspot_count": 0,
    "hotspot_density_percent": 0.0,
    "prediction_precision": 0.002
  },
  "torsion_tensor": [
    [
      -0.011588953706211269,
      -0.015940618948302395,
      0.0060213078480889585
    ],
    [
      -0.015940618948302395,
      -0.009706380421712398,
      0.016721310649240803
    ],
    [
      0.0060213078480889585,
      0.016721310649240803,
      0.048714688966633134
    ]
  ],
  "author": "Jos\u00e9 Manuel Mota Burruezo \u03a8 \u2727 \u221e\u00b3",
  "institution": "Instituto de Conciencia Cu\u00e1ntica (ICQ)",
  "doi": "10.5281/zenodo.17379721"
}