{
  "pillar_1_positivity": {
    "passed": true,
    "total_energy": 16.07027785054097,
    "energies": {
      "2": 0.22314355131420976,
      "3": 0.5108256237659907,
      "5": 0.9555114450274365,
      "7": 1.2729656758128876,
      "11": 1.7129785913749405,
      "13": 1.87770189902878,
      "17": 2.1435203983643585,
      "19": 2.2540580520993854,
      "23": 2.4442356100570723,
      "29": 2.6753370036959074
    },
    "all_positive": true
  },
  "pillar_2_spectral_weight": {
    "passed": true,
    "weights": {
      "Critical line (\u03c3=1/2, t=0)": {
        "s": "(0.5+0j)",
        "W(s)": 212.83999024160914,
        "real": 212.83999024160914,
        "is_nonneg": true
      },
      "Critical line (near first zero)": {
        "s": "(0.5+14.134725j)",
        "W(s)": 393.7369517232168,
        "real": 393.7369517232168,
        "is_nonneg": true
      },
      "Critical line (near second zero)": {
        "s": "(0.5+21.02204j)",
        "W(s)": 380.884570270024,
        "real": 380.884570270024,
        "is_nonneg": true
      },
      "Off critical line (\u03c3=0.3)": {
        "s": "(0.3+14.134725j)",
        "W(s)": 133.218848134307,
        "real": 133.218848134307,
        "is_nonneg": true
      },
      "Off critical line (\u03c3=0.7)": {
        "s": "(0.7+14.134725j)",
        "W(s)": 1383.9535611199456,
        "real": 1383.9535611199456,
        "is_nonneg": true
      },
      "On real axis (\u03c3=1)": {
        "s": "(1+0j)",
        "W(s)": 9825.0,
        "real": 9825.0,
        "is_nonneg": true
      }
    },
    "all_nonneg": true
  },
  "pillar_3_mellin_transform": {
    "passed": true,
    "mellin_values": {
      "(0.5+0j)": {
        "s": "(0.5+0j)",
        "f_hat(s)": "(1.3596441081653545+0j)",
        "magnitude": 1.3596441081653545,
        "convergent": true
      },
      "(0.5+14.134725j)": {
        "s": "(0.5+14.134725j)",
        "f_hat(s)": "(3.029315828264274e-05+5.4610912224524143e-05j)",
        "magnitude": 6.24501975395749e-05,
        "convergent": true
      },
      "(0.5+21.02204j)": {
        "s": "(0.5+21.02204j)",
        "f_hat(s)": "(4.66841806772231e-05+9.057090704600614e-06j)",
        "magnitude": 4.755463823366732e-05,
        "convergent": true
      }
    },
    "all_convergent": true
  },
  "pillar_4_friedrichs": {
    "passed": true,
    "conditions": {
      "positive": true,
      "symmetric": true,
      "dense_domain": true,
      "closed": true
    },
    "all_satisfied": true
  },
  "visualizations": {
    "energy_plot": "data/hecke_energy_by_prime.png",
    "weight_plot": "data/spectral_weight_critical_line.png",
    "heatmap_plot": "data/spectral_weight_heatmap.png"
  },
  "overall": {
    "all_pillars_passed": true,
    "qcal_constants": {
      "f0": 141.7001,
      "coherence_C": 244.36,
      "I_qcal": 1.0,
      "A_eff": 1.0
    },
    "timestamp": "2026-02-18T16:58:17.213479",
    "hash": "0xQCAL_BLOQUE_A_VERDE_ABSOLUTO"
  }
}