{
  "convergence_rate": {
    "delta_kappa": [
      0.014606898694812909,
      0.008649388578902073,
      0.005050732764927179,
      0.0035413631816112456
    ],
    "N_mid": [
      128,
      256,
      512,
      1024
    ],
    "relative_rate": [
      0.005741193086466102,
      0.003380207072726873,
      0.0019671920399498837,
      0.0013766049733044264
    ],
    "acceleration": [
      -0.005957510115910836,
      -0.0035986558139748936,
      -0.0015093695833159337
    ],
    "monotonic": true,
    "decelerating": true
  },
  "error_metrics": {
    "N": [
      128,
      256,
      512,
      1024,
      2560
    ],
    "abs_error": [
      0.03539003656964068,
      0.020783137874827773,
      0.0121337492959257,
      0.0070830165309985205,
      0.003541653349387275
    ],
    "rel_error": [
      1.371910462426123,
      0.8056675566416441,
      0.4703701725421835,
      0.27457627700644993,
      0.1372937627444858
    ],
    "alpha_empirical": 0.7696698460049918,
    "log_fit_quality": -0.9999864397170792
  },
  "comparison_kappa_pi": {
    "kappa_infinity": 2.57961707698154,
    "kappa_pi": 2.57731,
    "difference": 0.0023070769815398684,
    "rel_difference_pct": 0.08951491987924884,
    "agreement_within_0.1_pct": true,
    "sigma_estimate": 0.0001,
    "z_score": 23.070769815398684
  },
  "extrapolations": {
    "predictions": [
      {
        "N": 5000,
        "kappa_predicted": 2.5775210682698217,
        "error_from_kappa_inf": 0.0020960087117183335,
        "rel_error_inf_pct": 0.08125270724951604,
        "error_from_kappa_pi": 0.00021106826982153493,
        "rel_error_pi_pct": 0.008189479333938677
      },
      {
        "N": 10000,
        "kappa_predicted": 2.5783890021497555,
        "error_from_kappa_inf": 0.0012280748317845536,
        "rel_error_inf_pct": 0.04760686548181592,
        "error_from_kappa_pi": 0.0010790021497553148,
        "rel_error_pi_pct": 0.04186543914993985
      },
      {
        "N": 50000,
        "kappa_predicted": 2.5792621436029997,
        "error_from_kappa_inf": 0.00035493337854042295,
        "rel_error_inf_pct": 0.013759149825280943,
        "error_from_kappa_pi": 0.0019521436029994454,
        "rel_error_pi_pct": 0.07574345356202573
      },
      {
        "N": 100000,
        "kappa_predicted": 2.579409117564812,
        "error_from_kappa_inf": 0.00020795941672790974,
        "rel_error_inf_pct": 0.00806163901547927,
        "error_from_kappa_pi": 0.0020991175648119587,
        "rel_error_pi_pct": 0.08144606449406391
      }
    ]
  },
  "qcal_constants": {
    "f0_Hz": 141.7001,
    "C_qcal": 244.36,
    "kappa_pi": 2.57731
  }
}