{
  "Psi": 1.02973670625,
  "vector_55_phase": 75.0,
  "vector_55_harmonic_node": true,
  "zeta_prime_norm": -3.424388625174509,
  "Ka_Pi_applied": true,
  "Phi_KLD_weight": 0.15,
  "Phi_KLD_inv": 0.85,
  "f0": 141.7001,
  "C": 244.36,
  "timestamp": "2026-03-08T19:39:29.258981",
  "is_optimal": true
}