eta,delta
0.0,2.200161923562261
0.01,2.2034135227484017
0.02,2.1920214582281035
0.03,2.2215115892575152
0.04,2.2073054893275588
0.05,2.2132543517047494
