eta,mu_D_jitter,mu_Xi,delta
0.0,1.0545050279614407,3.245464622120584,2.1909595941591435
0.01,1.0603622768102319,3.245464622120584,2.1851023453103524
0.05,1.0580930966765747,3.245464622120584,2.1873715254440094
