alpha,mu_Xi,mu_D,error
0.5,3.2400356900057314,2.723641421503086,0.5163942685026452
1.0,3.245464622120584,1.0545050279614407,2.190959594159143
2.0,3.257084811139798,0.38856808916037144,2.8685167219794265
