{
  "conclusion": "SISTEMA: La repulsi\u00f3n de ceros es una consecuencia del potencial.",
  "frequency": 888.0,
  "coherence": 244.36,
  "n_zeros": 100,
  "k1_metrics": {
    "chi2_poisson": 49.33764509823849,
    "chi2_gue": 42.8231745700803,
    "l2_poisson": 13.920170484394701,
    "l2_gue": 12.871278554612843,
    "poisson_ratio": 0.8679614619774875,
    "mean_spacing": 0.8367366068708608,
    "std_spacing": 0.060324260091260656
  },
  "k2_metrics": {
    "chi2_poisson": 65.67343393849514,
    "chi2_gue": 65.34210717556043,
    "l2_poisson": 14.93605811932563,
    "l2_gue": 14.926695336569594,
    "poisson_ratio": 0.9949549346948341,
    "mean_spacing": 0.8369776917041594,
    "std_spacing": 0.06655877532643956
  },
  "eigenvalues_k1": [
    2.6553029737252754,
    5.03983828285723,
    7.39293373868621,
    9.518162847400477,
    11.673708731894619,
    13.578060455052787,
    15.556249500096811,
    17.40966001070338,
    19.26832566121066,
    20.936850570014908,
    22.69458070953227,
    24.324461005575117,
    26.01936597546089,
    27.67169597688248,
    29.291030751167256,
    30.81139891454603,
    32.52446026456165,
    33.94953314324601,
    35.423251351534745,
    36.95603620911152,
    38.43333093951022,
    39.874091752042,
    41.32219064869285,
    42.82177341015305,
    44.204514449995074,
    45.64498478937967,
    47.02743253147157,
    48.380288597149935,
    49.824942835963355,
    51.185940650665195,
    52.443327610317276,
    53.850861132898686,
    55.114257695079324,
    56.511934684184304,
    57.71299177343224,
    59.04903242932127,
    60.43381460820302,
    61.65438036268407,
    62.95636559825775,
    64.29296369297477,
    65.55259015906898,
    66.78820834077055,
    68.02388708117556,
    69.34751616685503,
    70.63733782559041,
    71.84554156386318,
    73.00182342930133,
    74.3425323482464,
    75.55733679784846,
    76.64782132801272,
    77.98509250493909,
    79.17372644887502,
    80.36665287320092,
    81.54379439326506,
    82.82637506427024,
    83.96718534972707,
    85.07120074343692,
    86.38936233520319,
    87.54113655214432,
    88.66443228317227,
    89.81412045824788,
    91.0547778483275,
    92.22581577328441,
    93.3824817119425,
    94.63708417527246,
    95.84449609554994,
    96.86099071566343,
    98.1086142772389,
    99.23507505721315,
    100.46036552829945,
    101.56428422968527,
    102.68223494632143,
    103.75171927956909,
    104.93308024566166,
    105.95600914665091,
    107.17885866583346,
    108.33852934615328,
    109.42251598558047,
    110.60204743343225,
    111.73014971796302,
    112.92771514218872,
    113.97701762362122,
    114.98356875298398,
    116.20166405703152,
    117.2807222060925,
    118.46188173238929,
    119.5533246449993,
    120.67993690819311,
    121.75649675425595,
    122.73619391176499,
    123.92391171769127,
    125.04054261974242,
    126.04438126718644,
    127.12551210579724,
    128.29301593622543,
    129.27030602219205,
    130.4528667188406,
    131.5685381061495,
    132.5547570753532,
    133.59864045902117
  ],
  "eigenvalues_k2": [
    2.6014318898921873,
    5.076032856152886,
    7.185321096951742,
    9.508420344866364,
    11.531129649066981,
    13.613041479837593,
    15.440636382554237,
    17.344259526001878,
    19.18981620950107,
    20.995474473244546,
    22.66821904214114,
    24.412778853514173,
    26.11385784188337,
    27.708188678670204,
    29.35297875139982,
    30.865249116740465,
    32.39129913601452,
    33.883712175998696,
    35.45942939007007,
    36.90313478142475,
    38.4285415687775,
    39.8579968162194,
    41.2174499745496,
    42.90554252425469,
    44.16890090786117,
    45.62209828163352,
    46.98049068632109,
    48.315717570486186,
    49.64023242900321,
    51.05246592655458,
    52.538042748252515,
    53.850383705454675,
    55.15052644802651,
    56.44486170527398,
    57.6968718236479,
    59.057271233311475,
    60.313718259285004,
    61.677120257866264,
    62.93717758069507,
    64.1919309040222,
    65.57490865552265,
    66.75832158311542,
    67.97210363911286,
    69.26239091509807,
    70.54097453114653,
    71.88823042578997,
    73.04843139490517,
    74.21296516756554,
    75.50092857349497,
    76.7535214014378,
    77.93605889254368,
    79.22187934911209,
    80.37379101183065,
    81.64765716423165,
    82.82254074198447,
    83.9722730836923,
    85.27427374865016,
    86.34348439179415,
    87.4913628701243,
    88.73340475365143,
    89.94734035704542,
    91.05014014084671,
    92.25020313318184,
    93.4577579896968,
    94.65210453669344,
    95.77314693502946,
    97.01275374489882,
    98.02255426898834,
    99.30459560022786,
    100.41615570048113,
    101.49019254232012,
    102.66826162985735,
    103.87333697008042,
    104.91747344816612,
    106.08831745376327,
    107.09213779336545,
    108.35115993641317,
    109.44963635395872,
    110.70164497254278,
    111.67414255194713,
    112.83191271067076,
    114.00700182102153,
    115.08471506298395,
    116.16428346490576,
    117.23672896385182,
    118.27422992016828,
    119.56393080975926,
    120.63971532663594,
    121.61226536913856,
    122.77097910469685,
    123.93314756878738,
    124.97561127749358,
    126.02965920926566,
    127.26191428649341,
    128.18019183340286,
    129.2972350457061,
    130.41476677492417,
    131.52851144094421,
    132.63716536006606,
    133.618031120035
  ],
  "spacings_k1": [
    0.5113684754122293,
    0.6842945483615552,
    0.7220840060472581,
    0.8097966632898733,
    0.7685525441024837,
    0.8433798932132379,
    0.826628802864295,
    0.860536978431569,
    0.7968873015383027,
    0.8623703534134386,
    0.8190420511409743,
    0.8701484289187196,
    0.8652187735016111,
    0.8631858932845546,
    0.8234144409129619,
    0.9420617528441587,
    0.7946568099292367,
    0.831794155830298,
    0.8754822011921771,
    0.8533680174710958,
    0.8409720753248687,
    0.85360464291838,
    0.892463380480865,
    0.8303382556020773,
    0.8723240403767114,
    0.8439929428441251,
    0.8321902215862276,
    0.8953033603695407,
    0.8495601400515587,
    0.7900056790662459,
    0.8900294513815264,
    0.8038770797412194,
    0.8946845449140467,
    0.7732229033190827,
    0.8647946318575341,
    0.9014209102597566,
    0.7987149278862966,
    0.856232116429104,
    0.8834521385773185,
    0.8366252215114787,
    0.8244225400695727,
    0.8281015358402515,
    0.8910040495263026,
    0.8721152352569165,
    0.820330311583751,
    0.7881059385017186,
    0.9174559722181962,
    0.8346232547482855,
    0.7518588649209128,
    0.925379437180406,
    0.8255890396181943,
    0.8314259953226031,
    0.8231871904854317,
    0.8999996566671901,
    0.8031753322807359,
    0.7796193310237985,
    0.9338271338574493,
    0.8185748832522876,
    0.8006583179157204,
    0.8218154791692401,
    0.8894686941309189,
    0.8420248863222222,
    0.8340140817176069,
    0.9072085433313616,
    0.8755848264295674,
    0.7390142622235683,
    0.9093695269943849,
    0.8232261115347751,
    0.8977618166569851,
    0.8108709675009664,
    0.8231241901642994,
    0.7892526445490131,
    0.8738537642391103,
    0.7583720685718669,
    0.9086494529427669,
    0.8637555749050239,
    0.8091707220216445,
    0.8824339614347486,
    0.8458319039338325,
    0.8998975515430444,
    0.7901489057852763,
    0.7594010767327805,
    0.9208769460751259,
    0.8174632441281245,
    0.8966233475111937,
    0.8301856371640528,
    0.858599753527178,
    0.8220186174292293,
    0.7493750009654613,
    0.9101593485253595,
    0.8573373480857782,
    0.7720916419078453,
    0.8329630151106785,
    0.9011526457703515,
    0.7556344013485373,
    0.9159200122672974,
    0.865677047427838,
    0.7664858072833647,
    0.8125744763850904
  ],