{
  "n_values": [
    0,
    1,
    2,
    3,
    4,
    5,
    6,
    7,
    8,
    9,
    10,
    11,
    12,
    13,
    14,
    15,
    16,
    17,
    18,
    19,
    20,
    21,
    22,
    23,
    24,
    25,
    26,
    27,
    28,
    29,
    30,
    31,
    32,
    33,
    34,
    35,
    36,
    37,
    38,
    39,
    40,
    41,
    42,
    43,
    44,
    45,
    46,
    47,
    48,
    49
  ],
  "norms": [
    0.7071067811865476,
    1.2247448713915892,
    1.58113883008419,
    1.8708286933869713,
    2.1213203435596437,
    2.3452078799117158,
    2.549509756796394,
    2.738612787525833,
    2.915475947422652,
    3.08220700148449,
    3.2403703492039324,
    3.3911649915626376,
    3.5355339059327426,
    3.674234614174772,
    3.8078865529319583,
    3.9370039370059096,
    4.062019202317987,
    4.183300132670383,
    4.301162633521319,
    4.415880433163928,
    4.527692569068716,
    4.636809247747861,
    4.743416490252581,
    4.84767985741634,
    4.949747468305845,
    5.049752469181052,
    5.147815070493516,
    5.244044240850775,
    5.338539126015673,
    5.431390245600128,
    5.522680508593654,
    5.612486080160936,
    5.7008771254957145,
    5.787918451395136,
    5.873670062235387,
    5.958187643906512,
    6.0415229867973,
    6.123724356957962,
    6.204836822995448,
    6.284902544988289,
    6.363961030678951,
    6.442049363362588,
    6.519202405202676,
    6.59545297913649,
    6.670832032063199,
    6.745368781616057,
    6.819090848492969,
    6.892024376045153,
    6.964194138592103,
    7.035623639735189
  ],
  "C": 0.9548365633094472,
  "delta": -1.5108810458790036,
  "convergence": {
    "total_sum": 235.76020260861978,
    "C": 0.9548365633094472,
    "delta": -1.5108810458790036,
    "tail_estimate": Infinity,
    "predicted_total": Infinity,
    "converges": false
  },
  "is_trace_class": false
}