{
  "N_values": [
    32,
    64,
    128
  ],
  "kappa_values": [
    1.983417845993635,
    2.0158589011160055,
    2.0353816323295195
  ],
  "kappa_infinity": 2.0648852302207135,
  "fit_a": -1.0321807410131445,
  "fit_alpha": 0.7326658441230391,
  "fit_error": 0.0,
  "variance_L": [
    1,
    2,
    3,
    4,
    5,
    6,
    7,
    8,
    9,
    10,
    11,
    12,
    13,
    14,
    15,
    16,
    17,
    18,
    19,
    20,
    21,
    22,
    23,
    24,
    25,
    26,
    27,
    28,
    29,
    30,
    31
  ],
  "variance_sigma2": [
    113.6171875,
    215.90551181102362,
    350.96031746031747,
    501.144,
    649.0564516129032,
    794.1138211382114,
    920.5245901639345,
    1027.6446280991736,
    1118.7,
    1194.9579831932774,
    1264.1101694915253,
    1315.3760683760684,
    1352.6896551724137,
    1382.2,
    1400.3859649122808,
    1423.9557522123894,
    1441.7767857142858,
    1451.6126126126126,
    1447.6,
    1431.9633027522937,
    1420.8055555555557,
    1408.4579439252336,
    1386.4150943396226,
    1361.8380952380953,
    1334.8557692307693,
    1309.504854368932,
    1293.0882352941176,
    1270.8316831683169,
    1245.1,
    1216.6666666666667,
    1189.6836734693877
  ],
  "goe_sigma2": [
    0.44204247556952475,
    0.5825034611148905,
    0.6646678704732659,
    0.7229644466602563,
    0.7681827841428772,
    0.8051288560186317,
    0.8363663146973692,
    0.863425432205622,
    0.8872932653770069,
    0.9086437696882431,
    0.9279576501501193,
    0.9455898415639975,
    0.9618098853308382,
    0.976827300242735,
    0.9908081790466183,
    1.0038864177509879,
    1.0161715346316085,
    1.0277542509223727,
    1.0387105606330855,
    1.0491047552336088,
    1.0589917096011106,
    1.0684186356954852,
    1.0774264460928151,
    1.086050827109363,
    1.0943230927162297,
    1.102270870876204,
    1.109918660280748,
    1.1172882857881008,
    1.1243992739058002,
    1.1312691645919841,
    1.13791377191168
  ],
  "rigidity_score": 0.9055353469930792,
  "timestamp": "2026-02-13T21:09:54.466949"
}