{
  "N_values": [
    128,
    256,
    512,
    1024,
    2560
  ],
  "kappa_values": [
    2.5442270404118994,
    2.5588339391067123,
    2.5674833276856144,
    2.5725340604505416,
    2.576075423632153
  ],
  "kappa_infinity": 2.57961707698154,
  "fit_a": -1.4935157000125774,
  "fit_alpha": 0.7712462403277178,
  "fit_error": 2.9837147233086426e-05,
  "variance_L": [
    1,
    2,
    3,
    4,
    5,
    6,
    7,
    8,
    9,
    10,
    11,
    12,
    13,
    14,
    15,
    16,
    17,
    18,
    19,
    20,
    21,
    22,
    23,
    24,
    25,
    26,
    27,
    28,
    29,
    30,
    31,
    32,
    33,
    34,
    35,
    36,
    37,
    38,
    39,
    40,
    41,
    42,
    43,
    44,
    45,
    46,
    47,
    48,
    49
  ],
  "variance_sigma2": [
    220268.171875,
    219835.0781555295,
    219422.7881157154,
    219033.0617911615,
    218663.87754303598,
    218317.77025440312,
    217992.25606891152,
    217688.09244026637,
    217404.0893416928,
    217143.15170521365,
    216904.35882352942,
    216683.16830129462,
    216486.2947409733,
    216308.69297212406,
    216151.39591516103,
    216011.24557956777,
    215897.31367924527,
    215801.02713330713,
    215728.34421715184,
    215673.43762298307,
    215642.79094488188,
    215625.48956282,
    215635.41883372734,
    215665.40007883328,
    215705.75315457414,
    215773.14990138068,
    215854.8453038674,
    215959.13936044218,
    216080.45813586097,
    216224.9585144212,
    216386.81264822136,
    216567.21787267693,
    216761.1344936709,
    216977.57419865453,
    217203.15518606492,
    217450.5607920792,
    217718.05784469098,
    217993.83670233848,
    218297.11260904046,
    218611.4676715589,
    218947.52142857143,
    219292.91504565303,
    219661.0230341541,
    220038.80691299165,
    220434.23449920508,
    220835.44214711728,
    221261.53182179792,
    221703.76203740548,
    222148.2145700637
  ],
  "goe_sigma2": [
    0.44204247556952475,
    0.5825034611148905,
    0.6646678704732659,
    0.7229644466602563,
    0.7681827841428772,
    0.8051288560186317,
    0.8363663146973692,
    0.863425432205622,
    0.8872932653770069,
    0.9086437696882431,
    0.9279576501501193,
    0.9455898415639975,
    0.9618098853308382,
    0.976827300242735,
    0.9908081790466183,
    1.0038864177509879,
    1.0161715346316085,
    1.0277542509223727,
    1.0387105606330855,
    1.0491047552336088,
    1.0589917096011106,
    1.0684186356954852,
    1.0774264460928151,
    1.086050827109363,
    1.0943230927162297,
    1.102270870876204,
    1.109918660280748,
    1.1172882857881008,
    1.1243992739058002,
    1.1312691645919841,
    1.13791377191168,
    1.1443474032963536,
    1.1505830450538608,
    1.1566325201769743,
    1.162506623270722,
    1.1682152364677385,
    1.1737674294583897,
    1.1791715461784513,
    1.1844352802345792,
    1.1895657407789746,
    1.1945695102487308,
    1.1994526951464763,
    1.204220970845064,
    1.208879621240851,
    1.2134335739503592,
    1.217887431638181,
    1.2222454999754673,
    1.2265118126547288,
    1.2306901538252137
  ],
  "rigidity_score": -0.014231409303871779,
  "timestamp": "2026-02-13T21:21:12.631927"
}