{
  "timestamp": "2026-01-18T13:27:39.585774",
  "qcal_constants": {
    "f0": 141.7001,
    "C": 244.36,
    "hbar": 1.054571817e-34,
    "critical_line": 0.5,
    "epsilon_coherence": 1e-10
  },
  "configuration": {
    "n_zeros": 20,
    "n_grid": 2000,
    "domain_halfwidth": 30.0
  },
  "f0_verification": {
    "f0_value": 141.7001,
    "f0_target": 141.7001,
    "f0_error": 0.0,
    "is_coherent": true,
    "epsilon_coherence": 1e-10,
    "spacing_statistics": {
      "mean_spacing": 302.7124154957834,
      "std_spacing": 110.06444415124298,
      "min_spacing": 159.04519451427734,
      "max_spacing": 539.1381139461878,
      "n_spacings": 19,
      "f_derived_raw": 4.568506050019122e+35,
      "f0_target": 141.7001,
      "coherence_with_f0": 3.224066920220326e+33
    },
    "lambda_eigenvalues": [
      200.04045483238684,
      442.17615057408256,
      625.792996894331,
      925.9230872738962,
      1084.9682817881735,
      1412.9707885869836,
      1674.5915655950812,
      1877.4852790897787,
      2304.7445111236243,
      2477.684399515386,
      2806.1049574524172,
      3186.4288790782343,
      3522.32163184682,
      3700.7552784671793,
      4239.893392413367,
      4499.9509806728365,
      4836.951990971984,
      5193.925215278636,
      5731.450193843964,
      5951.576349252271
    ],
    "source": "GWTC gravitational wave catalog",
    "reference": "LIGO/Virgo observations"
  },
  "eigenfunctions": {
    "n_functions": 10,
    "n_points": 2000,
    "norms": [
      0.9999999999999999,
      1.0,
      1.0,
      0.9999999999999998,
      1.0,
      0.9999999999999999,
      0.9999999999999999,
      1.0,
      0.9999999999999998,
      1.0
    ],
    "x_min": -30.0,
    "x_max": 30.0
  },
  "orthonormality": {
    "is_orthonormal": true,
    "gram_matrix": [
      [
        0.9999999999999998,
        1.8585515310462352e-13,
        -2.724216547211731e-11,
        2.5849116569781674e-13,
        -5.43828981278928e-12,
        1.0610420870352122e-14,
        -5.405183978541733e-13,
        -1.2506460796894988e-14,
        -9.239215675104863e-14,
        -3.5486982560433654e-15
      ],
      [
        1.8585515310462352e-13,
        1.0000000000000002,
        2.6341133149158737e-13,
        -4.512758340843358e-12,
        6.485816699195634e-14,
        5.507284708744548e-13,
        2.4128224343064865e-14,
        -2.6169766804980244e-14,
        -2.912337294638948e-16,
        1.2943605973629452e-14
      ],
      [
        -2.724216547211731e-11,
        2.6341133149158737e-13,
        1.0000000000000002,
        8.685547746625011e-14,
        -1.6334378184811293e-12,
        2.0247071337811355e-14,
        -8.796170444390636e-14,
        -6.024307777848011e-15,
        -1.5599499384475738e-14,
        3.469594384242697e-15
      ],
      [
        2.5849116569781674e-13,
        -4.512758340843358e-12,
        8.685547746625011e-14,
        0.9999999999999997,
        -3.39292997858398e-15,
        2.717149945244005e-13,
        4.251239878525553e-15,
        -1.7740058247107657e-14,
        -3.738608945323894e-15,
        3.0519074590715714e-15
      ],
      [
        -5.43828981278928e-12,
        6.485816699195634e-14,
        -1.6334378184811293e-12,
        -3.39292997858398e-15,
        1.0,
        4.757061795907417e-15,
        2.2842017189606792e-14,
        7.050112956772253e-15,
        -1.1538626901659758e-15,
        3.403094672590715e-17
      ],
      [
        1.0610420870352122e-14,
        5.507284708744548e-13,
        2.0247071337811355e-14,
        2.717149945244005e-13,
        4.757061795907417e-15,
        0.9999999999999999,
        -2.7575808800412306e-16,
        7.582972721418328e-15,
        -1.0765026532507163e-15,
        2.801362080203213e-15
      ],
      [
        -5.405183978541733e-13,
        2.4128224343064865e-14,
        -8.796170444390636e-14,
        4.251239878525553e-15,
        2.2842017189606792e-14,
        -2.7575808800412306e-16,
        0.9999999999999998,
        4.896821559114372e-16,
        -2.1832305736316333e-15,
        7.27476030027083e-16
      ],
      [
        -1.2506460796894988e-14,
        -2.6169766804980244e-14,
        -6.024307777848011e-15,
        -1.7740058247107657e-14,
        7.050112956772253e-15,
        7.582972721418328e-15,
        4.896821559114372e-16,
        1.0,
        -8.467348138398149e-16,
        5.503140864797815e-16
      ],
      [
        -9.239215675104863e-14,
        -2.912337294638948e-16,
        -1.5599499384475738e-14,
        -3.738608945323894e-15,
        -1.1538626901659758e-15,
        -1.0765026532507163e-15,
        -2.1832305736316333e-15,
        -8.467348138398149e-16,
        0.9999999999999996,
        1.921232085779854e-15
      ],
      [
        -3.5486982560433654e-15,
        1.2943605973629452e-14,
        3.469594384242697e-15,
        3.0519074590715714e-15,
        3.403094672590715e-17,
        2.801362080203213e-15,
        7.27476030027083e-16,
        5.503140864797815e-16,
        1.921232085779854e-15,
        1.0
      ]
    ],
    "frobenius_error": 3.989022940532469e-11,
    "max_off_diagonal": 2.724216547211731e-11,
    "max_diagonal_error": 4.440892098500626e-16,
    "tolerance": 1e-06,
    "n_functions": 10
  },
  "summary": {
    "all_verified": true,
    "f0_coherent": true,
    "psi_orthonormal": true,
    "verification_status": "PASSED"
  }
}